<component name="UserInteraction" extends="group">
    <interface></interface>
    <script type="text/brightscript" uri="UserInteraction.brs" />
    <children>
        <Poster id="welcomePoster" />
        <Rectangle id="wrapper" opacity="0.0">
            <Label id="welcomeText" font="font:LargeBoldSystemFont" color="#f9f9f9" translation="[350,430]" />
            <Label id="pressText" font="font:LargeBoldSystemFont" color="#fcff00" translation="[620,580]" />
        </Rectangle>
        <Animation duration="10" repeat="false" control="start" easeFunction="outQuintic" easeOutPercent="0.5" optional="true">
            <FloatFieldInterpolator id="animationFloat" key="[0.0, 0.5, 1.0]" keyValue="[0.0, 0.25, 1.0]" fieldToInterp="wrapper.opacity" />
            <Vector2DFieldInterpolator key="[0.0, 0.5, 1.0]" keyValue="[ [350.0, 0.0], [350.0, 215.0], [350.0, 430.0] ]" fieldToInterp="welcomeText.translation" />
            <Vector2DFieldInterpolator key="[0.0, 0.5, 1.0]" keyValue="[ [620.0, 1080.0], [620.0, 750.0], [620.0, 580.0] ]" fieldToInterp="pressText.translation" />
        </Animation>
    </children>
</component>